NIK,Nama,SimpananPokok,PerkiraanTanggalGabung,SaldoWajibAwal2025,Setor_2025-01,Setor_2025-02,Setor_2025-03,Setor_2025-04,Setor_2025-05,Setor_2025-06,Setor_2025-07,Setor_2025-08,Setor_2025-09,Setor_2025-10,Setor_2025-11,Setor_2025-12,SaldoWajibAkhir2025
T.205232,"ABDUL RAHMAN, SE",100000.0,2008-08-01,4990000.0,50000.0,50000.0,50000.0,50000.0,50000.0,50000.0,50000.0,50000.0,50000.0,0,0,0,5440000.0
T.208254,ACH. WACHYUDI,100000.0,2008-08-01,4990000.0,50000.0,50000.0,50000.0,50000.0,50000.0,50000.0,50000.0,50000.0,50000.0,0,0,0,5440000.0
T.213284,ADY PURNOMO,100000.0,2014-01-01,3930000.0,50000.0,50000.0,50000.0,50000.0,50000.0,50000.0,50000.0,50000.0,50000.0,0,0,0,4380000.0
T.217305,AENAL DARWIS,100000.0,2018-11-01,2530000.0,50000.0,50000.0,50000.0,50000.0,50000.0,50000.0,50000.0,50000.0,50000.0,0,0,0,2980000.0
T.221311,AGHNIA PUTRI RUSIANTO,100000.0,2020-10-01,2070000.0,50000.0,50000.0,50000.0,50000.0,50000.0,50000.0,50000.0,50000.0,50000.0,0,0,0,2520000.0
T.205220,AHMAD MUKHLIS K.,100000.0,2008-08-01,4990000.0,50000.0,50000.0,50000.0,50000.0,50000.0,50000.0,50000.0,50000.0,50000.0,0,0,0,5440000.0
T.211279,ARDHI YUNANTO,100000.0,2011-03-01,4370000.0,50000.0,50000.0,50000.0,50000.0,50000.0,50000.0,50000.0,50000.0,50000.0,0,0,0,4820000.0
T.211273,ARI KUNCORO,100000.0,2011-03-01,4370000.0,50000.0,50000.0,50000.0,50000.0,50000.0,50000.0,50000.0,50000.0,50000.0,0,0,0,4820000.0
T.210269,ARI RAHAYU,100000.0,2009-11-01,4690000.0,50000.0,50000.0,50000.0,50000.0,50000.0,50000.0,50000.0,50000.0,50000.0,0,0,0,5140000.0
T.211275,BAGUS ADITA,100000.0,2011-03-01,4370000.0,50000.0,50000.0,50000.0,50000.0,50000.0,50000.0,50000.0,50000.0,50000.0,0,0,0,4820000.0
T.205239,BAMBANG SYAMADJI,100000.0,2008-08-01,4990000.0,50000.0,50000.0,50000.0,50000.0,50000.0,50000.0,50000.0,50000.0,50000.0,0,0,0,5440000.0
T.208257,"BURNAMA KUSUMA DR.,SE",100000.0,2008-08-01,4990000.0,50000.0,50000.0,50000.0,50000.0,50000.0,50000.0,50000.0,50000.0,50000.0,0,0,0,5440000.0
T.208256,"CHOIRI,SE",100000.0,2008-08-01,4990000.0,50000.0,50000.0,50000.0,50000.0,50000.0,50000.0,50000.0,50000.0,50000.0,0,0,0,5440000.0
T.205234,DANDUNG KASIATNO,100000.0,2008-08-01,4990000.0,50000.0,50000.0,50000.0,50000.0,50000.0,50000.0,50000.0,50000.0,50000.0,0,0,0,5440000.0
T.202207,DARWANTO,100000.0,2008-08-01,4990000.0,50000.0,50000.0,50000.0,50000.0,50000.0,50000.0,50000.0,50000.0,50000.0,0,0,0,5440000.0
T.940161,DEWI FATMAWATI,100000.0,2008-08-01,4990000.0,50000.0,50000.0,50000.0,50000.0,50000.0,50000.0,50000.0,50000.0,50000.0,0,0,0,5440000.0
T.211276,DIAH PUSPITASARI,100000.0,2011-03-01,4370000.0,50000.0,50000.0,50000.0,50000.0,50000.0,50000.0,50000.0,50000.0,50000.0,0,0,0,4820000.0
T.970200,"DWI RINI P, SE",100000.0,2008-08-01,4990000.0,50000.0,50000.0,50000.0,50000.0,50000.0,50000.0,50000.0,50000.0,50000.0,0,0,0,5440000.0
T.211277,ERLY NURLIANTI,100000.0,2011-03-01,4370000.0,50000.0,50000.0,50000.0,50000.0,50000.0,50000.0,50000.0,50000.0,50000.0,0,0,0,4820000.0
T.202203,FADELAN CHADARIANTO,100000.0,2008-08-01,4990000.0,50000.0,50000.0,50000.0,50000.0,50000.0,50000.0,50000.0,50000.0,50000.0,0,0,0,5440000.0
T.205219,"FIFI EMMALIA,SE",100000.0,2008-08-01,4990000.0,50000.0,50000.0,50000.0,50000.0,50000.0,50000.0,50000.0,50000.0,50000.0,0,0,0,5440000.0
T.208252,GOLIK,100000.0,2008-08-01,4990000.0,50000.0,50000.0,50000.0,50000.0,50000.0,50000.0,50000.0,50000.0,50000.0,0,0,0,5440000.0
T.210265,"HANDOKO TEJO SAPUTRO, STp.",100000.0,2009-11-01,4690000.0,50000.0,50000.0,50000.0,50000.0,50000.0,50000.0,50000.0,50000.0,50000.0,0,0,0,5140000.0
T.210258,"HARI EKO SUSANTO, SE",100000.0,2009-06-01,4790000.0,50000.0,50000.0,50000.0,50000.0,50000.0,50000.0,50000.0,50000.0,50000.0,0,0,0,5240000.0
T.990196,HERMANTO,100000.0,2008-08-01,4990000.0,50000.0,50000.0,50000.0,50000.0,50000.0,50000.0,50000.0,50000.0,50000.0,0,0,0,5440000.0
T.207247,HERY PURNOMO,100000.0,2008-08-01,4990000.0,50000.0,50000.0,50000.0,50000.0,50000.0,50000.0,50000.0,50000.0,50000.0,0,0,0,5440000.0
T.210261,"I DEWA PUTU CANDRA K., ST",100000.0,2009-06-01,4790000.0,50000.0,50000.0,50000.0,50000.0,50000.0,50000.0,50000.0,50000.0,50000.0,0,0,0,5240000.0
T.205218,ISFA',100000.0,2008-08-01,4990000.0,50000.0,50000.0,50000.0,50000.0,50000.0,50000.0,50000.0,50000.0,50000.0,0,0,0,5440000.0
T.970175,ITA SUDARWATI,100000.0,2008-08-01,4990000.0,50000.0,50000.0,50000.0,50000.0,50000.0,50000.0,50000.0,50000.0,50000.0,0,0,0,5440000.0
T.211272,IWAN RANGGA KUSUMA,100000.0,2011-03-01,4370000.0,50000.0,50000.0,50000.0,50000.0,50000.0,50000.0,50000.0,50000.0,50000.0,0,0,0,4820000.0
T.221310,JAFRINDA REZA ELTRICO,100000.0,2021-03-01,1970000.0,50000.0,50000.0,50000.0,50000.0,50000.0,50000.0,50000.0,50000.0,50000.0,0,0,0,2420000.0
T.205221,"JOKO PURWANTO,SE",100000.0,2008-08-01,4990000.0,50000.0,50000.0,50000.0,50000.0,50000.0,50000.0,50000.0,50000.0,50000.0,0,0,0,5440000.0
T.960203,KUSNO,100000.0,2008-08-01,4990000.0,50000.0,50000.0,50000.0,50000.0,50000.0,50000.0,50000.0,50000.0,50000.0,0,0,0,5440000.0
T.215303,LAKSANA MUS ARDHIANTO,100000.0,2015-02-01,3430000.0,50000.0,50000.0,50000.0,50000.0,50000.0,50000.0,50000.0,50000.0,50000.0,0,0,0,3880000.0
T.208253,LILIK MUNAWATI,100000.0,2008-08-01,4990000.0,50000.0,50000.0,50000.0,50000.0,50000.0,50000.0,50000.0,50000.0,50000.0,0,0,0,5440000.0
T.970174,LISTYO HARTONO,100000.0,2008-08-01,4990000.0,50000.0,50000.0,50000.0,50000.0,50000.0,50000.0,50000.0,50000.0,50000.0,0,0,0,5440000.0
T.213288,LUBANA NAZMA S.,100000.0,2014-01-01,3930000.0,50000.0,50000.0,50000.0,50000.0,50000.0,50000.0,50000.0,50000.0,50000.0,0,0,0,4380000.0
T.205238,M. CHASIM,100000.0,2008-08-01,4990000.0,50000.0,50000.0,50000.0,50000.0,50000.0,50000.0,50000.0,50000.0,50000.0,0,0,0,5440000.0
T.210259,"M. SYAMSUDDIN, SE",100000.0,2009-06-01,4790000.0,50000.0,50000.0,50000.0,50000.0,50000.0,50000.0,50000.0,50000.0,50000.0,0,0,0,5240000.0
T.217308,MONDA MORINA HARAHAP,100000.0,2020-05-01,2170000.0,50000.0,50000.0,50000.0,50000.0,50000.0,50000.0,50000.0,50000.0,50000.0,0,0,0,2620000.0
T.213285,MUH. ALI S.,100000.0,2014-01-01,3930000.0,50000.0,50000.0,50000.0,50000.0,50000.0,50000.0,50000.0,50000.0,50000.0,0,0,0,4380000.0
T.215299,MUHAMMAD ARIF SURACHMAN,100000.0,2015-02-01,3430000.0,50000.0,50000.0,50000.0,50000.0,50000.0,50000.0,50000.0,50000.0,50000.0,0,0,0,3880000.0
T.213286,MUHARI RIZKITA,100000.0,2014-01-01,3930000.0,50000.0,50000.0,50000.0,50000.0,50000.0,50000.0,50000.0,50000.0,50000.0,0,0,0,4380000.0
T.206242,"NANANG BUDI D, SE",100000.0,2008-08-01,4990000.0,50000.0,50000.0,50000.0,50000.0,50000.0,50000.0,50000.0,50000.0,50000.0,0,0,0,5440000.0
T.205225,NURUDIN,100000.0,2008-08-01,4990000.0,50000.0,50000.0,50000.0,50000.0,50000.0,50000.0,50000.0,50000.0,50000.0,0,0,0,5440000.0
T.221312,RIADHO KURNIAWAN,100000.0,2020-06-01,2150000.0,50000.0,50000.0,50000.0,50000.0,50000.0,50000.0,50000.0,50000.0,50000.0,0,0,0,2600000.0
T.211271,RIDLO PATYODI,100000.0,2011-03-01,4370000.0,50000.0,50000.0,50000.0,50000.0,50000.0,50000.0,50000.0,50000.0,50000.0,0,0,0,4820000.0
T.221309,RIZKY VILIYANT ISMARYONO,100000.0,2020-05-01,2170000.0,50000.0,50000.0,50000.0,50000.0,50000.0,50000.0,50000.0,50000.0,50000.0,0,0,0,2620000.0
T.940138,SAFI'I,100000.0,2008-08-01,4990000.0,50000.0,50000.0,50000.0,50000.0,50000.0,50000.0,50000.0,50000.0,50000.0,0,0,0,5440000.0
T.207248,SETYO HARYONO,100000.0,2008-08-01,4990000.0,50000.0,50000.0,50000.0,50000.0,50000.0,50000.0,50000.0,50000.0,50000.0,0,0,0,5440000.0
T.202206,SLAMET RYADI,100000.0,2008-08-01,4990000.0,50000.0,50000.0,50000.0,50000.0,50000.0,50000.0,50000.0,50000.0,50000.0,0,0,0,5440000.0
T.205240,SOEYANTO,100000.0,2008-08-01,4990000.0,50000.0,50000.0,50000.0,50000.0,50000.0,50000.0,50000.0,50000.0,50000.0,0,0,0,5440000.0
T.940160,SOLICHIN,100000.0,2008-08-01,4990000.0,50000.0,50000.0,50000.0,50000.0,50000.0,50000.0,50000.0,50000.0,50000.0,0,0,0,5440000.0
T.940152,SRI RAHAYU,100000.0,2008-08-01,4990000.0,50000.0,50000.0,50000.0,50000.0,50000.0,50000.0,50000.0,50000.0,50000.0,0,0,0,5440000.0
T.205235,SUBAGIO JUNAEDI,100000.0,2008-08-01,4990000.0,50000.0,50000.0,50000.0,50000.0,50000.0,50000.0,50000.0,50000.0,50000.0,0,0,0,5440000.0
T.205237,SUGENG HARIANTO,100000.0,2008-08-01,4990000.0,50000.0,50000.0,50000.0,50000.0,50000.0,50000.0,50000.0,50000.0,50000.0,0,0,0,5440000.0
T.980185,SUMARSONO,100000.0,2008-08-01,4990000.0,50000.0,50000.0,50000.0,50000.0,50000.0,50000.0,50000.0,50000.0,50000.0,0,0,0,5440000.0
T.214291,SUTAN PRIATMAJA,100000.0,2014-12-01,3470000.0,50000.0,50000.0,50000.0,50000.0,50000.0,50000.0,50000.0,50000.0,50000.0,0,0,0,3920000.0
T.205241,SUWADI,100000.0,2008-08-01,4990000.0,50000.0,50000.0,50000.0,50000.0,50000.0,50000.0,50000.0,50000.0,50000.0,0,0,0,5440000.0
T.940159,SUWANDI,100000.0,2008-08-01,4990000.0,50000.0,50000.0,50000.0,50000.0,50000.0,50000.0,50000.0,50000.0,50000.0,0,0,0,5440000.0
T.207246,SYAMSUL HUDA,100000.0,2008-08-01,4990000.0,50000.0,50000.0,50000.0,50000.0,50000.0,50000.0,50000.0,50000.0,50000.0,0,0,0,5440000.0
T.213287,T. SAFRIZALUDDIN,100000.0,2014-01-01,3930000.0,50000.0,50000.0,50000.0,50000.0,50000.0,50000.0,50000.0,50000.0,50000.0,0,0,0,4380000.0
T.980186,TEDJO WAHYONO,100000.0,2008-08-01,4990000.0,50000.0,50000.0,50000.0,50000.0,50000.0,50000.0,50000.0,50000.0,50000.0,0,0,0,5440000.0
T.215300,TEGUH PRIYONO,100000.0,2015-02-01,3430000.0,50000.0,50000.0,50000.0,50000.0,50000.0,50000.0,50000.0,50000.0,50000.0,0,0,0,3880000.0
T.980187,WIDODO,100000.0,2008-08-01,4990000.0,50000.0,50000.0,50000.0,50000.0,50000.0,50000.0,50000.0,50000.0,50000.0,0,0,0,5440000.0
T.208255,"WIDYA NANANG SURYANTO, ST",100000.0,2008-08-01,4990000.0,50000.0,50000.0,50000.0,50000.0,50000.0,50000.0,50000.0,50000.0,50000.0,0,0,0,5440000.0
T.214289,WYNFRIED ARDIAN DIDOK,100000.0,2014-12-01,3470000.0,50000.0,50000.0,50000.0,50000.0,50000.0,50000.0,50000.0,50000.0,50000.0,0,0,0,3920000.0
T.206247,YODI ERMANTO,100000.0,2008-08-01,4990000.0,50000.0,50000.0,50000.0,50000.0,50000.0,50000.0,50000.0,50000.0,50000.0,0,0,0,5440000.0
T.215301,YUDI ISFANDIYARI,100000.0,2015-02-01,3430000.0,50000.0,50000.0,50000.0,50000.0,50000.0,50000.0,50000.0,50000.0,50000.0,0,0,0,3880000.0
T.211270,YUDISTIRA SIGIT W.,100000.0,2011-03-01,4370000.0,50000.0,50000.0,50000.0,50000.0,50000.0,50000.0,50000.0,50000.0,50000.0,0,0,0,4820000.0
T.223313,DICKY SUSANTHO,100000.0,2022-08-01,1450000.0,50000.0,50000.0,50000.0,50000.0,50000.0,50000.0,50000.0,50000.0,50000.0,0,0,0,1900000.0
T.225315,AGA FIRMANSYAH,100000.0,2024-03-01,500000.0,50000.0,50000.0,50000.0,50000.0,50000.0,50000.0,50000.0,50000.0,50000.0,0,0,0,950000.0
T.225317,FARID FAHRUDIN,100000.0,2025-01-01,0.0,0.0,100000.0,50000.0,50000.0,50000.0,50000.0,50000.0,50000.0,50000.0,0,0,0,450000.0
T.225319,DWI TEGUH ARIWIBOWO,100000.0,2025-01-01,0.0,0.0,100000.0,50000.0,50000.0,50000.0,50000.0,50000.0,50000.0,50000.0,0,0,0,450000.0
T.225316,DEWA HENTYARSA UTOMO,100000.0,2025-01-01,0.0,0.0,100000.0,50000.0,50000.0,50000.0,50000.0,50000.0,50000.0,50000.0,0,0,0,450000.0
T.225318,ARFANDY NAHSAR,100000.0,2025-01-01,0.0,0.0,0.0,0.0,0.0,50000.0,50000.0,50000.0,50000.0,50000.0,0,0,0,250000.0
T.226325,NIKO FREDIKA,100000.0,2025-01-01,0.0,0.0,0.0,0.0,0.0,0.0,0.0,0.0,0.0,50000.0,0,0,0,50000.0
T.226326,TAUFIK HIDAYAT,100000.0,2025-01-01,0.0,0.0,0.0,0.0,0.0,0.0,0.0,0.0,0.0,50000.0,0,0,0,50000.0
T.840098,ACHMAD LUTHFIE/PENSIUN,100000.0,2025-01-01,2680000.0,0.0,0.0,0.0,0.0,0.0,0.0,0.0,0.0,0.0,0,0,0,2680000.0
T.210262,"ARIEF KRISWANTO, ST",100000.0,2025-01-01,2060000.0,0.0,0.0,0.0,0.0,0.0,0.0,0.0,0.0,0.0,0,0,0,2060000.0
T.215302,HADI SUYONO,100000.0,2025-01-01,700000.0,0.0,0.0,0.0,0.0,0.0,0.0,0.0,0.0,0.0,0,0,0,700000.0
T.910127,KUSNAN,100000.0,2025-01-01,4540000.0,0.0,0.0,0.0,0.0,0.0,0.0,0.0,0.0,0.0,0,0,0,4540000.0
T.940150,"HADI SANYOTO, SE",100000.0,2025-01-01,4940000.0,0.0,0.0,0.0,0.0,0.0,0.0,0.0,0.0,0.0,0,0,0,4940000.0
T.211278,ERMA BINTRI A.,100000.0,2025-01-01,3720000.0,0.0,0.0,0.0,0.0,0.0,0.0,0.0,0.0,0.0,0,0,0,3720000.0
T.206248,SARING SAIMAN,100000.0,2025-01-01,3840000.0,0.0,0.0,0.0,0.0,0.0,0.0,0.0,0.0,0.0,0,0,0,3840000.0
T.200213,"SOESILA BRATA, ST",100000.0,2025-01-01,4140000.0,0.0,0.0,0.0,0.0,0.0,0.0,0.0,0.0,0.0,0,0,0,4140000.0
T.940151,HENY ISTIANA,100000.0,2008-08-01,4990000.0,50000.0,50000.0,0.0,0.0,0.0,0.0,0.0,0.0,0.0,0,0,0,5090000.0
T.205212,M. NASERUL,100000.0,2008-08-01,4990000.0,50000.0,50000.0,0.0,0.0,0.0,0.0,0.0,0.0,0.0,0,0,0,5090000.0
T.940141,SUNACHI,100000.0,2008-08-01,4990000.0,50000.0,50000.0,50000.0,0.0,0.0,0.0,0.0,0.0,0.0,0,0,0,5140000.0
T.205213,FABIAN ABDUL GAFFAR,100000.0,2008-08-01,4990000.0,50000.0,50000.0,50000.0,50000.0,50000.0,50000.0,50000.0,50000.0,0.0,0,0,0,5390000.0
